shame_id,author_and_title,original_id,author,author_fname,author_lname,author_gender,title,word_count,publ_year,publ_year_clean,doc_link,source_corpus,comment
SHAME_1,Albin Prepeluh-Mina,KDSP199,Albin Prepeluh,Albin,Prepeluh,M,Mina,33063,1910.0,1910.0,https://github.com/COST-ELTeC/ELTeC-slv/blob/v0.7.1/level1/SLV10022.xml,KDSP,
SHAME_2,Alojz Kraigher-Kontrolor Škrobar,KDSP234,Alojz Kraigher,Alojz,Kraigher,M,Kontrolor Škrobar,130090,1914.0,1914.0,https://www.dlib.si/details/URN:NBN:SI:DOC-KCBULTUI,KDSP,
SHAME_3,Alojz Kraigher-Mlada ljubezen,KDSP254,Alojz Kraigher,Alojz,Kraigher,M,Mlada ljubezen,75260,1917.0,1917.0,https://github.com/COST-ELTeC/ELTeC-slv/blob/v0.7.1/level1/SLV00355.xml,KDSP,
SHAME_4,Alojz Kraigher-Peter Drozeg,,Alojz Kraigher,Alojz,Kraigher,M,Peter Drozeg,20324,1916.0,1916.0,https://lit.ijs.si/kraigher.html ,Wikivir - leposlovje,
SHAME_5,Alojzij Kokalj-Cerkvene miši,KDSP227,Alojzij Kokalj,Alojzij,Kokalj,M,Cerkvene miši,86058,1913.0,1913.0,https://sl.wikisource.org/wiki/Cerkvene_mi%C5%A1i,KDSP,
SHAME_6,Alojzij Remec-Veliki punt,KDSP185,Alojzij Remec,Alojzij,Remec,M,Veliki punt,53214,1909.0,1909.0,https://www.dlib.si/details/URN:NBN:SI:DOC-WAIJ1NXL,KDSP,
SHAME_7,Andrej Budal-Križev pot Petra Kupljenika,KDSP202,Andrej Budal,Andrej,Budal,M,Križev pot Petra Kupljenika,23110,1911.0,1911.0,https://sl.wikisource.org/wiki/Kri%C5%BEev_pot_Petra_Kupljenika,KDSP,
SHAME_8,Anton Bartel-Pomladanski vetrovi,KDSP036,Anton Bartel,Anton,Bartel,M,Pomladanski vetrovi,65161,1881.0,1881.0,https://github.com/COST-ELTeC/ELTeC-slv/blob/v0.7.1/level1/SLV00094.xml,KDSP,
SHAME_9,Anton Funtek-Iz spominov mlade žene,KDSP056,Anton Funtek,Anton,Funtek,M,Iz spominov mlade žene,37987,1887.0,1887.0,https://sl.wikisource.org/wiki/Iz_spominov_mlade_%C5%BEene,KDSP,
SHAME_10,Anton Koder-Kmetski triumvirat,KDSP045,Anton Koder,Anton,Koder,M,Kmetski triumvirat,43146,1884.0,1884.0,https://github.com/COST-ELTeC/ELTeC-slv/blob/v0.7.1/level1/SLV10012.xml,KDSP,
SHAME_11,Anton Koder-Luteranci,KDSP043,Anton Koder,Anton,Koder,M,Luteranci,42394,1883.0,1883.0,https://github.com/COST-ELTeC/ELTeC-slv/blob/v0.7.1/level1/SLV00098.xml,KDSP,
SHAME_12,Anton Koder-Marjetica,KDSP029,Anton Koder,Anton,Koder,M,Marjetica,61910,1877.0,1877.0,https://github.com/COST-ELTeC/ELTeC-slv/blob/v0.7.1/level1/SLV00099.xml,KDSP,
SHAME_13,Anton Koder-Na naših gorah,KDSP030,Anton Koder,Anton,Koder,M,Na naših gorah,23300,1877.0,1877.0,https://sl.wikisource.org/wiki/Na_na%C5%A1ih_gorah,KDSP,
SHAME_14,Anton Koder-V gorskem zakotji,KDSP042,Anton Koder,Anton,Koder,M,V gorskem zakotji,23002,1883.0,1883.0,https://sl.wikisource.org/wiki/V_gorskem_zakotji,KDSP,
SHAME_15,Anton Koder-Zvezdana,KDSP041,Anton Koder,Anton,Koder,M,Zvezdana,31038,1883.0,1883.0,https://github.com/COST-ELTeC/ELTeC-slv/blob/v0.7.1/level1/SLV00103.xml,KDSP,
SHAME_16,Anton Mahnič-Zadnji samotar,KDSP050,Anton Mahnič,Anton,Mahnič,M,Zadnji samotar,75365,1885.0,1885.0,https://github.com/COST-ELTeC/ELTeC-slv/blob/v0.7.1/level1/SLV10016.xml,KDSP,
SHAME_17,Barbara Suša-Mladost Sutjeske 1983,,Barbara Suša,Barbara,Suša,F,Mladost Sutjeske 1983,1473,2014.0,2014.0,http://slov.si/doc/bsusa_sutjeska.html,Wikivir - leposlovje,
SHAME_18,Benjamin Franklin-Prava pot k dobrimu stanu ali ena beseda ob pravim časi,Franklin_PravaPot1812,Benjamin Franklin,Benjamin,Franklin,M,Prava pot k dobrimu stanu ali ena beseda ob pravim časi,8404,1812.0,1812.0,,PriLit,
SHAME_19,Christoph von Schmid-Evstahi,Schmid_Evstahi1832,Christoph von Schmid,Christoph,von Schmid,M,Evstahi,35748,1832.0,1832.0,,PriLit,
SHAME_20,Christoph von Schmid-Genovefa,Schmid_Genovefa1841,Christoph von Schmid,Christoph,von Schmid,M,Genovefa,28821,1841.0,1841.0,,PriLit,
SHAME_21,Christoph von Schmid-Leseni križ,Schmid_LeseniKriz1832,Christoph von Schmid,Christoph,von Schmid,M,Leseni križ,6392,1832.0,1832.0,,PriLit,
SHAME_22,Christoph von Schmid-Martin mladi pušavnik,Schmid_Martin1836,Christoph von Schmid,Christoph,von Schmid,M,Martin mladi pušavnik,18712,1836.0,1836.0,,PriLit,
SHAME_23,Christoph von Schmid-Sreča dobriga uka,Schmid_SrecaDobrigaUka1832,Christoph von Schmid,Christoph,von Schmid,M,Sreča dobriga uka,3360,1832.0,1832.0,,PriLit,
SHAME_24,Christoph von Schmid-Sveti večer,Schmid_SvetiVecer1866,Christoph von Schmid,Christoph,von Schmid,M,Sveti večer,17298,1866.0,1866.0,,PriLit,
SHAME_25,Emil Vodeb-Libera nos a malo,KDSP214,Emil Vodeb,Emil,Vodeb,M,Libera nos a malo,36228,1911.0,1911.0,https://github.com/COST-ELTeC/ELTeC-slv/blob/v0.7.1/level1/SLV10027.xml,KDSP,
SHAME_26,Engelbert Gangl-Trije rodovi,KDSP190,Engelbert Gangl,Engelbert,Gangl,M,Trije rodovi,123457,1910.0,1910.0,https://www.dlib.si/details/URN:NBN:SI:DOC-JSHV4SVQ,KDSP,
SHAME_27,Engelbert Gangl-Veliki trgovec,KDSP119,Engelbert Gangl,Engelbert,Gangl,M,Veliki trgovec,83121,1902.0,1902.0,https://sl.wikisource.org/wiki/Veliki_trgovec,KDSP,
SHAME_28,Etbin Kristan-Pertinčarjevo pomlajenje,KDSP235,Etbin Kristan,Etbin,Kristan,M,Pertinčarjevo pomlajenje,54601,1914.0,1914.0,https://www.dlib.si/details/URN:NBN:SI:DOC-GVQ6VTKK,KDSP,
SHAME_29,Etbin Kristan-Savičev pesimizem,KDSP192,Etbin Kristan,Etbin,Kristan,M,Savičev pesimizem,19268,1910.0,1910.0,https://www.dlib.si/details/URN:NBN:SI:DOC-CCHHHB3I,KDSP,
SHAME_30,Fedor Gradišnik-Institutka,KDSP207,Fedor Gradišnik,Fedor,Gradišnik,M,Institutka,42457,1911.0,1911.0,https://www.dlib.si/details/URN:NBN:SI:DOC-IWR2QMON,KDSP,
SHAME_31,Ferdo Kočevar-Mlinarjev Janez,KDSP002,Ferdo Kočevar,Ferdo,Kočevar,M,Mlinarjev Janez,31199,1858.0,1858.0,https://github.com/COST-ELTeC/ELTeC-slv/blob/v0.7.1/level1/SLV20001.xml,KDSP,
SHAME_32,Fran Detela-Delo in denar,KDSP188,Fran Detela,Fran,Detela,M,Delo in denar,74229,1910.0,1910.0,https://www.dlib.si/details/URN:NBN:SI:DOC-3H4O0R9D,KDSP,
SHAME_33,Fran Detela-Gospod Lisec,KDSP078,Fran Detela,Fran,Detela,M,Gospod Lisec,39712,1894.0,1894.0,https://sl.wikisource.org/wiki/Gospod_Lisec,KDSP,
SHAME_34,Fran Detela-Malo življenje,KDSP038,Fran Detela,Fran,Detela,M,Malo življenje,56424,1882.0,1882.0,https://github.com/COST-ELTeC/ELTeC-slv/blob/v0.7.1/level1/SLV00363.xml,KDSP,
SHAME_35,Fran Detela-Novo življenje,KDSP173,Fran Detela,Fran,Detela,M,Novo življenje,43388,1908.0,1908.0,https://github.com/COST-ELTeC/ELTeC-slv/blob/v0.7.1/level1/SLV00364.xml,KDSP,
SHAME_36,Fran Detela-Pegam in Lambergar,KDSP069,Fran Detela,Fran,Detela,M,Pegam in Lambergar,62249,1891.0,1891.0,https://github.com/COST-ELTeC/ELTeC-slv/blob/v0.7.1/level1/SLV00111.xml,KDSP,
SHAME_37,Fran Detela-Prihajač,KDSP059,Fran Detela,Fran,Detela,M,Prihajač,38401,1888.0,1888.0,https://sl.wikisource.org/wiki/Prihaja%C4%8D,KDSP,
SHAME_38,Fran Detela-Rodoljubje na deželi,KDSP174,Fran Detela,Fran,Detela,M,Rodoljubje na deželi,53895,1908.0,1908.0,https://sl.wikisource.org/wiki/Rodoljubje_na_de%C5%BEeli,KDSP,
SHAME_39,Fran Detela-Sošolci,KDSP204,Fran Detela,Fran,Detela,M,Sošolci,53626,1911.0,1911.0,https://sl.wikisource.org/wiki/So%C5%A1olci_(Fran_Detela),KDSP,
SHAME_40,Fran Detela-Svetloba in senca,KDSP245,Fran Detela,Fran,Detela,M,Svetloba in senca,67714,1916.0,1916.0,https://sl.wikisource.org/wiki/Svetloba_in_senca,KDSP,
SHAME_41,Fran Detela-Trojka,KDSP097,Fran Detela,Fran,Detela,M,Trojka,78537,1897.0,1897.0,https://github.com/COST-ELTeC/ELTeC-slv/blob/v0.7.1/level1/SLV00278.xml,KDSP,
SHAME_42,Fran Detela-Tujski promet,KDSP217,Fran Detela,Fran,Detela,M,Tujski promet,56705,1912.0,1912.0,https://sl.wikisource.org/wiki/Tujski_promet,KDSP,
SHAME_43,Fran Detela-Veliki grof,KDSP048,Fran Detela,Fran,Detela,M,Veliki grof,45298,1885.0,1885.0,https://github.com/COST-ELTeC/ELTeC-slv/blob/v0.7.1/level1/SLV00112.xml,KDSP,
SHAME_44,Fran Finžgar-Boji,KDSP239,Fran Finžgar,Fran,Finžgar,M,Boji,36248,1915.0,1915.0,https://sl.wikisource.org/wiki/Boji,KDSP,
SHAME_45,Fran Finžgar-Dekla Ančka,KDSP226,Fran Finžgar,Fran,Finžgar,M,Dekla Ančka,25938,1913.0,1913.0,https://sl.wikisource.org/wiki/Dekla_An%C4%8Dka,KDSP,
SHAME_46,Fran Finžgar-Deteljica,KDSP107,Fran Finžgar,Fran,Finžgar,M,Deteljica,23306,1899.0,1899.0,https://sl.wikisource.org/wiki/Deteljica,KDSP,
SHAME_47,Fran Finžgar-Iz modernega sveta,KDSP134,Fran Finžgar,Fran,Finžgar,M,Iz modernega sveta,60873,1904.0,1904.0,https://github.com/COST-ELTeC/ELTeC-slv/blob/v0.7.1/level1/SLV00496.xml,KDSP,
SHAME_48,Fran Finžgar-Kvišku,KDSP106,Fran Finžgar,Fran,Finžgar,M,Kvišku,41300,1899.0,1899.0,https://github.com/COST-ELTeC/ELTeC-slv/blob/v0.7.1/level1/SLV00273.xml,KDSP,
SHAME_49,Fran Finžgar-Moja duša vasuje,SLV00497,Fran Finžgar,Fran,Finžgar,M,Moja duša vasuje,31042,1903.0,1903.0,,ELTeC,
SHAME_50,Fran Finžgar-Pod svobodnim soncem,KDSP163,Fran Finžgar,Fran,Finžgar,M,Pod svobodnim soncem,139152,1907.0,1907.0,https://github.com/COST-ELTeC/ELTeC-slv/blob/v0.7.1/level1/SLV10005.xml,KDSP,
SHAME_51,Fran Finžgar-Sama,KDSP221,Fran Finžgar,Fran,Finžgar,M,Sama,49679,1912.0,1912.0,https://github.com/COST-ELTeC/ELTeC-slv/blob/v0.7.1/level1/SLV00498.xml,KDSP,
SHAME_52,Fran Finžgar-Strici,,Fran Finžgar,Fran,Finžgar,M,Strici,15772,1927.0,1927.0,https://lit.ijs.si/strici.html,Wikivir - leposlovje,
SHAME_53,Fran Gestrin-Iz arhiva,KDSP064,Fran Gestrin,Fran,Gestrin,M,Iz arhiva,25674,1890.0,1890.0,https://sl.wikisource.org/wiki/Iz_arhiva,KDSP,
SHAME_54,Fran Govekar-Ljubezen in rodoljubje,KDSP092,Fran Govekar,Fran,Govekar,M,Ljubezen in rodoljubje,30656,1896.0,1896.0,https://sl.wikisource.org/wiki/Ljubezen_in_rodoljubje,KDSP,
SHAME_55,Fran Govekar-Svitanje,SLV10030,Fran Govekar,Fran,Govekar,M,Svitanje,124089,1921.0,1921.0,,ELTeC,
SHAME_56,Fran Govekar-V krvi,KDSP091,Fran Govekar,Fran,Govekar,M,V krvi,50036,1896.0,1896.0,https://github.com/COST-ELTeC/ELTeC-slv/blob/v0.7.1/level1/SLV00048.xml,KDSP,
SHAME_57,Fran Jaklič-Iz našega kota,KDSP102,Fran Jaklič,Fran,Jaklič,M,Iz našega kota,27088,1898.0,1898.0,https://sl.wikisource.org/wiki/Iz_na%C5%A1ega_kota,KDSP,
SHAME_58,Fran Jaklič-Lepi Tonček,KDSP084,Fran Jaklič,Fran,Jaklič,M,Lepi Tonček,21945,1895.0,1895.0,https://sl.wikisource.org/wiki/Lepi_Ton%C4%8Dek,KDSP,
SHAME_59,Fran Jaklič-Ljudska osveta,KDSP072,Fran Jaklič,Fran,Jaklič,M,Ljudska osveta,31552,1892.0,1892.0,https://github.com/COST-ELTeC/ELTeC-slv/blob/v0.7.1/level1/SLV00126.xml,KDSP,
SHAME_60,Fran Jaklič-Luka Vrbec,KDSP065,Fran Jaklič,Fran,Jaklič,M,Luka Vrbec,21666,1890.0,1890.0,https://sl.wikisource.org/wiki/Luka_Vrbec,KDSP,
SHAME_61,Fran Jaklič-Na Samovcu,KDSP070,Fran Jaklič,Fran,Jaklič,M,Na Samovcu,22821,1891.0,1891.0,https://sl.wikisource.org/wiki/Na_Samovcu,KDSP,
SHAME_62,"Fran Jaklič-O, ta testament",KDSP110,Fran Jaklič,Fran,Jaklič,M,"O, ta testament",56431,1900.0,1900.0,https://github.com/COST-ELTeC/ELTeC-slv/blob/v0.7.1/level1/SLV00373.xml,KDSP,
SHAME_63,Fran Jaklič-Od hiše do hiše,KDSP115,Fran Jaklič,Fran,Jaklič,M,Od hiše do hiše,26792,1901.0,1901.0,https://sl.wikisource.org/wiki/Od_hi%C5%A1e_do_hi%C5%A1e,KDSP,
SHAME_64,Fran Knaflič-Ob Balkanu,KDSP103,Fran Knaflič,Fran,Knaflič,M,Ob Balkanu,73396,1898.0,1898.0,https://sl.wikisource.org/wiki/Ob_Balkanu,KDSP,
SHAME_65,Fran Knaflič-Popotnikove povesti,KDSP179,Fran Knaflič,Fran,Knaflič,M,Popotnikove povesti,38328,1909.0,1909.0,https://sl.wikisource.org/wiki/Popotnikove_povesti,KDSP,
SHAME_66,Fran Levstik-Iz minule srečne mladosti,,Fran Levstik,Fran,Levstik,M,Iz minule srečne mladosti,2218,1871.0,1871.0,https://lit.ijs.si/mladost.html,Wikivir - leposlovje,
SHAME_67,Fran Levstik-Martin Krpan,,Fran Levstik,Fran,Levstik,M,Martin Krpan,5710,1858.0,1858.0,https://lit.ijs.si/martinkr.html,Wikivir - leposlovje,
SHAME_68,Fran Levstik-Pokljuk,,Fran Levstik,Fran,Levstik,M,Pokljuk,3212,1865.0,1865.0,https://lit.ijs.si/pokljuk.html,Wikivir - leposlovje,
SHAME_69,Fran Levstik-Popotovanje iz Litije do Čateža,,Fran Levstik,Fran,Levstik,M,Popotovanje iz Litije do Čateža,8264,1858.0,1858.0,https://lit.ijs.si/litija.html,Wikivir - leposlovje,
SHAME_70,Fran Levstik-Spomini o verah in mislih prostega naroda,,Fran Levstik,Fran,Levstik,M,Spomini o verah in mislih prostega naroda,4522,1871.0,1871.0,https://lit.ijs.si/spomini.html,Wikivir - leposlovje,
SHAME_71,Fran Levstik-Sveti doktor Bežanec v Tožbanji vasi,,Fran Levstik,Fran,Levstik,M,Sveti doktor Bežanec v Tožbanji vasi,11367,1870.0,1870.0,https://lit.ijs.si/bezanec.html,Wikivir - leposlovje,
SHAME_72,Fran Milčinski-Gospodična Mici,KDSP247,Fran Milčinski,Fran,Milčinski,M,Gospodična Mici,21534,1916.0,1916.0,https://sl.wikisource.org/wiki/Gospodi%C4%8Dna_Mici,KDSP,
SHAME_73,Fran Milčinski-Ptički brez gnezda,KDSP260,Fran Milčinski,Fran,Milčinski,M,Ptički brez gnezda,78087,1918.0,1918.0,https://github.com/COST-ELTeC/ELTeC-slv/blob/v0.7.1/level1/SLV10019.xml,KDSP,
SHAME_74,Fran Zbašnik-Boj za pravico,KDSP238,Fran Zbašnik,Fran,Zbašnik,M,Boj za pravico,79508,1914.0,1914.0,https://sl.wikisource.org/wiki/Boj_za_pravico,KDSP,
SHAME_75,Fran Zbašnik-Na krivih potih,KDSP077,Fran Zbašnik,Fran,Zbašnik,M,Na krivih potih,58148,1893.0,1893.0,https://sl.wikisource.org/wiki/Na_krivih_potih,KDSP,
SHAME_76,Fran Zbašnik-Pisana mati,KDSP186,Fran Zbašnik,Fran,Zbašnik,M,Pisana mati,69461,1909.0,1909.0,https://github.com/COST-ELTeC/ELTeC-slv/blob/v0.7.1/level1/SLV00391.xml,KDSP,
SHAME_77,Fran Zbašnik-Prijateljstvo in ljubezen,KDSP140,Fran Zbašnik,Fran,Zbašnik,M,Prijateljstvo in ljubezen,43419,1904.0,1904.0,https://sl.wikisource.org/wiki/Prijateljstvo_in_ljubezen,KDSP,
SHAME_78,Fran Zbašnik-Vas Kot,KDSP096,Fran Zbašnik,Fran,Zbašnik,M,Vas Kot,29701,1896.0,1896.0,https://sl.wikisource.org/wiki/Vas_Kot,KDSP,
SHAME_79,Fran Zbašnik-Z viharja v zavetje,KDSP111,Fran Zbašnik,Fran,Zbašnik,M,Z viharja v zavetje,88669,1900.0,1900.0,https://github.com/COST-ELTeC/ELTeC-slv/blob/v0.7.1/level1/SLV10032.xml,KDSP,
SHAME_80,Fran Zbašnik-Žrtve,KDSP117,Fran Zbašnik,Fran,Zbašnik,M,Žrtve,54394,1901.0,1901.0,https://sl.wikisource.org/wiki/%C5%BDrtve_(Fran_Zba%C5%A1nik),KDSP,
SHAME_81,Franc Meško-Lastovkam naproti,KDSP138,Franc Meško,Franc,Meško,M,Lastovkam naproti,24646,1904.0,1904.0,https://sl.wikisource.org/wiki/Lastovkam_naproti,KDSP,
SHAME_82,Franc Meško-Na Poljani,KDSP164,Franc Meško,Franc,Meško,M,Na Poljani,60421,1907.0,1907.0,https://www.dlib.si/details/URN:NBN:SI:DOC-3RCE94D0,KDSP,
SHAME_83,Franc Rant-Na rodnih tleh,KDSP177,Franc Rant,Franc,Rant,M,Na rodnih tleh,42925,1908.0,1908.0,https://sl.wikisource.org/wiki/Na_rodnih_tleh,KDSP,
SHAME_84,Franc Slemenik-Izdajavec,KDSP016,Franc Slemenik,Franc,Slemenik,M,Izdajavec,47487,1873.0,1873.0,https://sl.wikisource.org/wiki/Izdajavec,KDSP,
SHAME_85,Franc Slemenik-Križem sveta,KDSP031,Franc Slemenik,Franc,Slemenik,M,Križem sveta,30271,1877.0,1877.0,https://sl.wikisource.org/wiki/Kri%C5%BEem_sveta,KDSP,
SHAME_86,Franc Veriti-Popotnik široke in vozke poti,Veriti_Popotnik1828,Franc Veriti,Franc,Veriti,M,Popotnik široke in vozke poti,37675,1828.0,1828.0,,PriLit,
SHAME_87,Franc Veriti-Življenje svetnikov in prestavni godovi I.,Veriti_SvetnikiI1828,Franc Veriti,Franc,Veriti,M,Življenje svetnikov in prestavni godovi I.,114750,1828.0,1828.0,,PriLit,
SHAME_88,Frank Tauchar-Slovenec - glavar Indijancev,KDSP257,Frank Tauchar,Frank,Tauchar,M,Slovenec - glavar Indijancev,56087,1917.0,1917.0,https://sl.wikisource.org/wiki/Slovenec_%E2%80%93_glavar_Indijancev,KDSP,
SHAME_89,Franz Joseph Waitzenegger-Ita Togenburska grafinja,Waitzenegger_Ita1831,Franz Joseph Waitzenegger,Franz,Joseph,M,Ita Togenburska grafinja,24706,1831.0,1831.0,,PriLit,
SHAME_90,Gustav Šilih-Beli dvor: Mladinski roman,,Gustav Šilih,Gustav,Šilih,M,Beli dvor: Mladinski roman,133285,1938.0,1938.0,https://lit.ijs.si/belidvor.html,Wikivir - leposlovje,
SHAME_91,Ivan Cankar-Aleš iz Razora,KDSP162,Ivan Cankar,Ivan,Cankar,M,Aleš iz Razora,21041,1907.0,1907.0,https://sl.wikisource.org/wiki/Ale%C5%A1_iz_Razora,KDSP,
SHAME_92,Ivan Cankar-Gospa Judit,KDSP132,Ivan Cankar,Ivan,Cankar,M,Gospa Judit,28047,1904.0,1904.0,https://sl.wikisource.org/wiki/Gospa_Judit,KDSP,
SHAME_93,Ivan Cankar-Hiša Marije Pomočnice,KDSP131,Ivan Cankar,Ivan,Cankar,M,Hiša Marije Pomočnice,29694,1904.0,1904.0,https://github.com/COST-ELTeC/ELTeC-slv/blob/v0.7.1/level1/SLV10001.xml,KDSP,
SHAME_94,Ivan Cankar-Hlapec Jernej in njegova pravica,,Ivan Cankar,Ivan,Cankar,M,Hlapec Jernej in njegova pravica,18549,1907.0,1907.0,https://lit.ijs.si/hlapec.html ,Wikivir - leposlovje,
SHAME_95,Ivan Cankar-Krčmar Elija,KDSP203,Ivan Cankar,Ivan,Cankar,M,Krčmar Elija,21948,1911.0,1911.0,https://sl.wikisource.org/wiki/Troje_povesti,KDSP,
SHAME_96,Ivan Cankar-Križ na gori,KDSP133,Ivan Cankar,Ivan,Cankar,M,Križ na gori,37806,1904.0,1904.0,https://sl.wikisource.org/wiki/Kri%C5%BE_na_gori,KDSP,
SHAME_97,Ivan Cankar-Martin Kačur,KDSP161,Ivan Cankar,Ivan,Cankar,M,Martin Kačur,40054,1907.0,1907.0,https://github.com/COST-ELTeC/ELTeC-slv/blob/v0.7.1/level1/SLV00398.xml,KDSP,
SHAME_98,Ivan Cankar-Milan in Milena,KDSP224,Ivan Cankar,Ivan,Cankar,M,Milan in Milena,24256,1913.0,1913.0,https://sl.wikisource.org/wiki/Milan_in_Milena,KDSP,
SHAME_99,Ivan Cankar-Mimo življenja,,Ivan Cankar,Ivan,Cankar,M,Mimo življenja,52792,1920.0,1920.0,https://lit.ijs.si/mimozivl.html ,Wikivir - leposlovje,
SHAME_100,Ivan Cankar-Na klancu,KDSP118,Ivan Cankar,Ivan,Cankar,M,Na klancu,58632,1902.0,1902.0,https://github.com/COST-ELTeC/ELTeC-slv/blob/v0.7.1/level1/SLV00401.xml,KDSP,
SHAME_101,Ivan Cankar-Nina,KDSP150,Ivan Cankar,Ivan,Cankar,M,Nina,24309,1906.0,1906.0,https://sl.wikisource.org/wiki/Nina_(Ivan_Cankar),KDSP,
SHAME_102,Ivan Cankar-Novo življenje,KDSP172,Ivan Cankar,Ivan,Cankar,M,Novo življenje,30757,1908.0,1908.0,https://sl.wikisource.org/wiki/Novo_%C5%BEivljenje_(Ivan_Cankar),KDSP,
SHAME_103,Ivan Cankar-Podobe iz sanj,,Ivan Cankar,Ivan,Cankar,M,Podobe iz sanj,10775,1917.0,1917.0,https://lit.ijs.si/podobeiz.html ,Wikivir - leposlovje,
SHAME_104,Ivan Cankar-Potepuh Marko in kralj Matjaž,KDSP141,Ivan Cankar,Ivan,Cankar,M,Potepuh Marko in kralj Matjaž,26567,1905.0,1905.0,https://sl.wikisource.org/wiki/Potepuh_Marko_in_kralj_Matja%C5%BE,KDSP,
SHAME_105,Ivan Cankar-Tujci,KDSP113,Ivan Cankar,Ivan,Cankar,M,Tujci,43670,1901.0,1901.0,https://github.com/COST-ELTeC/ELTeC-slv/blob/v0.7.1/level1/SLV00410.xml,KDSP,
SHAME_106,Ivan Cankar-Zgodba o dveh mladih ljudeh,,Ivan Cankar,Ivan,Cankar,M,Zgodba o dveh mladih ljudeh,19489,1911.0,1911.0,https://lit.ijs.si/troje1.html ,Wikivir - leposlovje,
SHAME_107,Ivan Cankar-Zgodba o Šimnu Sirotniku,,Ivan Cankar,Ivan,Cankar,M,Zgodba o Šimnu Sirotniku,13601,1911.0,1911.0,https://lit.ijs.si/troje3.html ,Wikivir - leposlovje,
SHAME_108,Ivan Cankar-Življenje in smrt Petra Novljana,KDSP123,Ivan Cankar,Ivan,Cankar,M,Življenje in smrt Petra Novljana,25233,1903.0,1903.0,https://sl.wikisource.org/wiki/%C5%BDivljenje_in_smrt_Petra_Novljana,KDSP,
SHAME_109,Ivan Fajdiga-Deset let v peklu,KDSP205,Ivan Fajdiga,Ivan,Fajdiga,M,Deset let v peklu,28004,1911.0,1911.0,https://www.dlib.si/details/URN:NBN:SI:DOC-DPLK58XI,KDSP,
SHAME_110,Ivan Fajdiga-Nebesa,KDSP142,Ivan Fajdiga,Ivan,Fajdiga,M,Nebesa,37475,1905.0,1905.0,https://github.com/COST-ELTeC/ELTeC-slv/blob/v0.7.1/level1/SLV10004.xml,KDSP,
SHAME_111,Ivan Janežič-Kraljev-Gospa s pristave,KDSP079,Ivan Janežič-Kraljev,Ivan,Janežič-Kraljev,M,Gospa s pristave,96349,1894.0,1894.0,https://github.com/COST-ELTeC/ELTeC-slv/blob/v0.7.1/level1/SLV00135.xml,KDSP,
SHAME_112,Ivan Lah-Brambovci,KDSP193,Ivan Lah,Ivan,Lah,M,Brambovci,141171,1910.0,1910.0,https://github.com/COST-ELTeC/ELTeC-slv/blob/v0.7.1/level1/SLV10031.xml,KDSP,
SHAME_113,Ivan Lah-Iz časov romantike,KDSP152,Ivan Lah,Ivan,Lah,M,Iz časov romantike,27237,1906.0,1906.0,https://sl.wikisource.org/wiki/Iz_%C4%8Dasov_romantike,KDSP,
SHAME_114,Ivan Lah-Uporniki,KDSP153,Ivan Lah,Ivan,Lah,M,Uporniki,81906,1906.0,1906.0,https://sl.wikisource.org/wiki/Uporniki_(Ivan_Lah),KDSP,
SHAME_115,Ivan Lah-Vaška kronika,KDSP166,Ivan Lah,Ivan,Lah,M,Vaška kronika,50678,1907.0,1907.0,https://www.dlib.si/details/URN:NBN:SI:DOC-ULMI26LD,KDSP,
SHAME_116,Ivan Pregelj-Mlada Breda,KDSP231,Ivan Pregelj,Ivan,Pregelj,M,Mlada Breda,84400,1913.0,1913.0,https://sl.wikisource.org/wiki/Mlada_Breda_(Ivan_Pregelj),KDSP,
SHAME_117,Ivan Pregelj-Thabiti Kumi,,Ivan Pregelj,Ivan,Pregelj,M,Thabiti Kumi,9930,1933.0,1933.0,https://lit.ijs.si/thabiti.html ,Wikivir - leposlovje,
SHAME_118,Ivan Pregelj-Tlačani,KDSP248,Ivan Pregelj,Ivan,Pregelj,M,Tlačani,71379,1916.0,1916.0,https://github.com/COST-ELTeC/ELTeC-slv/blob/v0.7.1/level1/SLV00417.xml,KDSP,
SHAME_119,Ivan Pregelj-Zadnji upornik,KDSP261,Ivan Pregelj,Ivan,Pregelj,M,Zadnji upornik,30610,1918.0,1918.0,https://sl.wikisource.org/wiki/Zadnji_upornik,KDSP,
SHAME_120,Ivan Pugelj-Franc Koritnik in njegova družina,KDSP156,Ivan Pugelj,Ivan,Pugelj,M,Franc Koritnik in njegova družina,26884,1906.0,1906.0,https://sl.wikisource.org/wiki/Franc_Koritnik_in_njegova_dru%C5%BEina,KDSP,
SHAME_121,Ivan Sivec-Kruh ponoči spi,,Ivan Sivec,Ivan,Sivec,M,Kruh ponoči spi,49268,1994.0,1994.0,https://lit.ijs.si/kruh.html,Wikivir - leposlovje,
SHAME_122,Ivan Sivec-Triglavski kralj: Črtice iz življenja župnika Jakoba Aljaža,,Ivan Sivec,Ivan,Sivec,M,Triglavski kralj: Črtice iz življenja župnika Jakoba Aljaža,60258,1994.0,1994.0,https://lit.ijs.si/aljaz.html,Wikivir - leposlovje,
SHAME_123,Ivan Štrukelj-Prve hiše,KDSP095,Ivan Štrukelj,Ivan,Štrukelj,M,Prve hiše,27520,1896.0,1896.0,https://sl.wikisource.org/wiki/Prve_hi%C5%A1e,KDSP,
SHAME_124,Ivan Štrukelj-Spletke,KDSP081,Ivan Štrukelj,Ivan,Štrukelj,M,Spletke,38439,1894.0,1894.0,https://github.com/COST-ELTeC/ELTeC-slv/blob/v0.7.1/level1/SLV00090.xml,KDSP,
SHAME_125,"Ivan Štrukelj-Vrt, vrt!",KDSP109,Ivan Štrukelj,Ivan,Štrukelj,M,"Vrt, vrt!",26849,1899.0,1899.0,"https://sl.wikisource.org/wiki/Vrt,_vrt!",KDSP,
SHAME_126,Ivan Štrukelj-Zmota in povrat,KDSP074,Ivan Štrukelj,Ivan,Štrukelj,M,Zmota in povrat,33192,1892.0,1892.0,https://github.com/COST-ELTeC/ELTeC-slv/blob/v0.7.1/level1/SLV00092.xml,KDSP,
SHAME_127,Ivan Tavčar-4000,KDSP071,Ivan Tavčar,Ivan,Tavčar,M,4000,34092,1891.0,1891.0,https://github.com/COST-ELTeC/ELTeC-slv/blob/v0.7.1/level1/SLV00136.xml,KDSP,
SHAME_128,Ivan Tavčar-Cvetje v jeseni,KDSP258,Ivan Tavčar,Ivan,Tavčar,M,Cvetje v jeseni,26359,1917.0,1917.0,https://github.com/COST-ELTeC/ELTeC-slv/blob/v0.7.1/level1/SLV00324.xml,KDSP,
SHAME_129,Ivan Tavčar-Ivan Slavelj,KDSP026,Ivan Tavčar,Ivan,Tavčar,M,Ivan Slavelj,21098,1876.0,1876.0,https://sl.wikisource.org/wiki/Ivan_Slavelj,KDSP,
SHAME_130,Ivan Tavčar-Izza kongresa,KDSP159,Ivan Tavčar,Ivan,Tavčar,M,Izza kongresa,94749,1906.0,1906.0,https://github.com/COST-ELTeC/ELTeC-slv/blob/v0.7.1/level1/SLV00406.xml,KDSP,
SHAME_131,Ivan Tavčar-Janez Solnce,KDSP055,Ivan Tavčar,Ivan,Tavčar,M,Janez Solnce,51980,1886.0,1886.0,https://sl.wikisource.org/wiki/Janez_Solnce,KDSP,
SHAME_132,Ivan Tavčar-Janez Sonce: Zgodovinska novela,,Ivan Tavčar,Ivan,Tavčar,M,Janez Sonce: Zgodovinska novela,52194,1885.0,1885.0,https://lit.ijs.si/janezson.html ,Wikivir - leposlovje,
SHAME_133,Ivan Tavčar-Mrtva srca,KDSP122,Ivan Tavčar,Ivan,Tavčar,M,Mrtva srca,47477,1902.0,1902.0,https://sl.wikisource.org/wiki/Mrtva_srca_(1902),KDSP,
SHAME_134,Ivan Tavčar-Otok in Struga: Noveleta,,Ivan Tavčar,Ivan,Tavčar,M,Otok in Struga: Noveleta,16201,1876.0,1876.0,https://lit.ijs.si/otokinst.html ,Wikivir - leposlovje,
SHAME_135,Ivan Tavčar-V Zali,KDSP082,Ivan Tavčar,Ivan,Tavčar,M,V Zali,37523,1894.0,1894.0,https://sl.wikisource.org/wiki/V_Zali,KDSP,
SHAME_136,Ivan Tavčar-Visoška kronika,SLV10026,Ivan Tavčar,Ivan,Tavčar,M,Visoška kronika,58720,1919.0,1919.0,,ELTeC,
SHAME_137,Ivan Vuk-Zorislava,KDSP233,Ivan Vuk,Ivan,Vuk,M,Zorislava,37724,1913.0,1913.0,https://www.dlib.si/details/URN:NBN:SI:DOC-QQQSKCVY,KDSP,
SHAME_138,Ivan Zorec-Izgnani menihi: Povest iz druge polovice 18. stoletja,,Ivan Zorec,Ivan,Zorec,M,Izgnani menihi: Povest iz druge polovice 18. stoletja,50353,1932.0,1932.0,https://lit.ijs.si/menihi.html ,Wikivir - leposlovje,
SHAME_139,Ivo Kovačič-Mladi gozdar,KDSP125,Ivo Kovačič,Ivo,Kovačič,M,Mladi gozdar,25223,1903.0,1903.0,https://github.com/COST-ELTeC/ELTeC-slv/blob/v0.7.1/level1/SLV10013.xml,KDSP,
SHAME_140,Ivo Šorli-Človek in pol,KDSP130,Ivo Šorli,Ivo,Šorli,M,Človek in pol,41653,1903.0,1903.0,https://www.dlib.si/details/URN:NBN:SI:DOC-EIIQ4WSW,KDSP,
SHAME_141,Ivo Šorli-Krščen denar,KDSP262,Ivo Šorli,Ivo,Šorli,M,Krščen denar,32448,1918.0,1918.0,https://sl.wikisource.org/wiki/Kr%C5%A1%C4%8Den_denar,KDSP,
SHAME_142,Ivo Šorli-Milan Mrak,KDSP242,Ivo Šorli,Ivo,Šorli,M,Milan Mrak,30732,1915.0,1915.0,https://www.dlib.si/details/URN:NBN:SI:DOC-LUF08A2J,KDSP,
SHAME_143,Ivo Šorli-Plameni,KDSP148,Ivo Šorli,Ivo,Šorli,M,Plameni,40831,1905.0,1905.0,https://www.dlib.si/details/URN:NBN:SI:DOC-ABDY26Q9,KDSP,
SHAME_144,Ivo Šorli-Pot za razpotjem,KDSP158,Ivo Šorli,Ivo,Šorli,M,Pot za razpotjem,34784,1906.0,1906.0,https://www.dlib.si/details/URN:NBN:SI:DOC-5WIBBRNQ,KDSP,
SHAME_145,Ivo Šorli-Romantiki življenja,KDSP157,Ivo Šorli,Ivo,Šorli,M,Romantiki življenja,27089,1906.0,1906.0,https://sl.wikisource.org/wiki/Romantiki_%C5%BEivljenja,KDSP,
SHAME_146,Ivo Šorli-Štefan Zaplotnik,KDSP249,Ivo Šorli,Ivo,Šorli,M,Štefan Zaplotnik,33640,1916.0,1916.0,https://github.com/COST-ELTeC/ELTeC-slv/blob/v0.7.1/level1/SLV00325.xml,KDSP,
SHAME_147,Ivo Trošt-Dve svatbi,KDSP088,Ivo Trošt,Ivo,Trošt,M,Dve svatbi,24577,1895.0,1895.0,https://sl.wikisource.org/wiki/Dve_svatbi,KDSP,
SHAME_148,Ivo Trošt-Pod Robom,KDSP243,Ivo Trošt,Ivo,Trošt,M,Pod Robom,22252,1915.0,1915.0,https://sl.wikisource.org/wiki/Pod_Robom,KDSP,
SHAME_149,Ivo Trošt-Smodin,KDSP089,Ivo Trošt,Ivo,Trošt,M,Smodin,29536,1895.0,1895.0,https://www.dlib.si/details/URN:NBN:SI:DOC-SXPXI2NA,KDSP,
SHAME_150,Ivo Trošt-Temni oblaki,KDSP087,Ivo Trošt,Ivo,Trošt,M,Temni oblaki,32037,1895.0,1895.0,https://github.com/COST-ELTeC/ELTeC-slv/blob/v0.7.1/level1/SLV00421.xml,KDSP,
SHAME_151,Ivo Trošt-V srca globini,KDSP149,Ivo Trošt,Ivo,Trošt,M,V srca globini,24615,1905.0,1905.0,https://www.dlib.si/details/URN:NBN:SI:DOC-UNW4AEPK,KDSP,
SHAME_152,Izidor Cankar-S poti,KDSP225,Izidor Cankar,Izidor,Cankar,M,S poti,26947,1913.0,1913.0,https://github.com/COST-ELTeC/ELTeC-slv/blob/v0.7.1/level1/SLV30001.xml,KDSP,
SHAME_153,Jakob Alešovec-Bankovčar,KDSP035,Jakob Alešovec,Jakob,Alešovec,M,Bankovčar,33280,1880.0,1880.0,https://sl.wikisource.org/wiki/Bankov%C4%8Dar,KDSP,
SHAME_154,Jakob Alešovec-Iskren zagovornik: Iz sodnijskega življenja,,Jakob Alešovec,Jakob,Alešovec,M,Iskren zagovornik: Iz sodnijskega življenja,4992,1875.0,1875.0,https://lit.ijs.si/zagovor.html ,Wikivir - leposlovje,
SHAME_155,Jakob Alešovec-Ljubljanske slike,KDSP033,Jakob Alešovec,Jakob,Alešovec,M,Ljubljanske slike,63314,1879.0,1879.0,https://sl.wikisource.org/wiki/Ljubljanske_slike,KDSP,
SHAME_156,Jakob Alešovec-Ne v Ameriko!,KDSP039,Jakob Alešovec,Jakob,Alešovec,M,Ne v Ameriko!,60780,1883.0,1883.0,https://sl.wikisource.org/wiki/Ne_v_Ameriko,KDSP,
SHAME_157,Jakob Alešovec-Petelinov Janez,KDSP034,Jakob Alešovec,Jakob,Alešovec,M,Petelinov Janez,34335,1880.0,1880.0,https://sl.wikisource.org/wiki/Petelinov_Janez,KDSP,
SHAME_158,Jakob Bedenek-Od pluga do krone,KDSP068,Jakob Bedenek,Jakob,Bedenek,M,Od pluga do krone,81097,1891.0,1891.0,https://github.com/COST-ELTeC/ELTeC-slv/blob/v0.7.1/level1/SLV00024.xml,KDSP,
SHAME_159,Jakob Bedenek-Sonce in senca,KDSP067,Jakob Bedenek,Jakob,Bedenek,M,Sonce in senca,28187,1891.0,1891.0,https://sl.wikisource.org/wiki/Solnce_in_senca,KDSP,
SHAME_160,Jakob Sket-Miklova Zala,KDSP047,Jakob Sket,Jakob,Sket,M,Miklova Zala,34063,1884.0,1884.0,https://github.com/COST-ELTeC/ELTeC-slv/blob/v0.7.1/level1/SLV20002.xml,KDSP,
SHAME_161,Jakob Sket-Milko Vogrin,KDSP044,Jakob Sket,Jakob,Sket,M,Milko Vogrin,76274,1883.0,1883.0,https://github.com/COST-ELTeC/ELTeC-slv/blob/v0.7.1/level1/SLV00172.xml,KDSP,
SHAME_162,Jakob Sket-Žrtva ljubosumnosti,KDSP046,Jakob Sket,Jakob,Sket,M,Žrtva ljubosumnosti,27665,1884.0,1884.0,https://sl.wikisource.org/wiki/%C5%BDrtva_ljubosumnosti,KDSP,
SHAME_163,Janez Cigler-Deteljica ali življenje treh kranjskih bratov francoskih soldatov,KDSP003,Janez Cigler,Janez,Cigler,M,Deteljica ali življenje treh kranjskih bratov francoskih soldatov,34616,1863.0,1863.0,https://sl.wikisource.org/wiki/Deteljica_ali_%C5%BEivljenje_treh_kranjskih_bratov_francoskih_soldatov,KDSP,
SHAME_164,"Janez Cigler-Kortonica, koroška deklica",Cigler_Kortonica1866,Janez Cigler,Janez,Cigler,M,"Kortonica, koroška deklica",25734,1866.0,1866.0,,PriLit,
SHAME_165,Janez Cigler-Sreča v nesreči,KDSP001,Janez Cigler,Janez,Cigler,M,Sreča v nesreči,33819,1836.0,1836.0,https://github.com/COST-ELTeC/ELTeC-slv/blob/v0.7.1/level1/SLV10003.xml,KDSP,
SHAME_166,"Janez Cigler-Živlenje s. Heme, brumne koroške grafine",Cigler_Hema1839,Janez Cigler,Janez,Cigler,M,"Živlenje s. Heme, brumne koroške grafine",8978,1839.0,1839.0,https://books.google.si/books/about/Shivlenje_S_Heme_brumne_koroshke_grafine.html?id=DZ9bAAAAcAAJ&redir_esc=y,PriLit,
SHAME_167,Janez Mencinger-Abadon,KDSP076,Janez Mencinger,Janez,Mencinger,M,Abadon,92956,1893.0,1893.0,https://github.com/COST-ELTeC/ELTeC-slv/blob/v0.7.1/level1/SLV00174.xml,KDSP,
SHAME_168,Janez Mencinger-Moja hoja na Triglav,KDSP098,Janez Mencinger,Janez,Mencinger,M,Moja hoja na Triglav,55808,1897.0,1897.0,https://sl.wikisource.org/wiki/Moja_hoja_na_Triglav,KDSP,
SHAME_169,Janez Trdina-Bajke in povesti o Gorjancih,,Janez Trdina,Janez,Trdina,M,Bajke in povesti o Gorjancih,59401,,1882.0,https://lit.ijs.si/trdina.html ,Wikivir - leposlovje,
SHAME_170,Janko Kersnik-Agitator,KDSP049,Janko Kersnik,Janko,Kersnik,M,Agitator,26216,1885.0,1885.0,https://github.com/COST-ELTeC/ELTeC-slv/blob/v0.7.1/level1/SLV00187.xml,KDSP,
SHAME_171,Janko Kersnik-Ciklamen,KDSP040,Janko Kersnik,Janko,Kersnik,M,Ciklamen,37059,1883.0,1883.0,https://github.com/COST-ELTeC/ELTeC-slv/blob/v0.7.1/level1/SLV00058.xml,KDSP,
SHAME_172,Janko Kersnik-Jara gospoda,KDSP075,Janko Kersnik,Janko,Kersnik,M,Jara gospoda,19025,1893.0,1893.0,https://sl.wikisource.org/wiki/Jara_gospoda,KDSP,
SHAME_173,Janko Kersnik-Mačkova očeta,,Janko Kersnik,Janko,Kersnik,M,Mačkova očeta,1645,1886.0,1886.0,https://lit.ijs.si/mackovao.html ,Wikivir - leposlovje,
SHAME_174,Janko Kersnik-Na Žerinjah,KDSP023,Janko Kersnik,Janko,Kersnik,M,Na Žerinjah,32489,1876.0,1876.0,https://github.com/COST-ELTeC/ELTeC-slv/blob/v0.7.1/level1/SLV00194.xml,KDSP,
SHAME_175,Janko Kersnik-Očetov greh,KDSP080,Janko Kersnik,Janko,Kersnik,M,Očetov greh,20729,1894.0,1894.0,https://sl.wikisource.org/wiki/O%C4%8Detov_greh,KDSP,
SHAME_176,Janko Kersnik-Ponkrčev oča,,Janko Kersnik,Janko,Kersnik,M,Ponkrčev oča,2230,1882.0,1882.0,https://lit.ijs.si/ponkrc.html ,Wikivir - leposlovje,
SHAME_177,Janko Kersnik-Rošlin in Vrjanko,KDSP061,Janko Kersnik,Janko,Kersnik,M,Rošlin in Vrjanko,30864,1889.0,1889.0,https://github.com/COST-ELTeC/ELTeC-slv/blob/v0.7.1/level1/SLV10029.xml,KDSP,
SHAME_178,Jernej Dolžan-Mati božja dobrega sveta ali bratovska ljubezen,KDSP008,Jernej Dolžan,Jernej,Dolžan,M,Mati božja dobrega sveta ali bratovska ljubezen,38334,1868.0,1868.0,https://sl.wikisource.org/wiki/Mati_Bo%C5%BEja_dobrega_sveta_ali_bratovska_ljubezen,KDSP,
SHAME_179,Josip Gruden-Na vojvodskem prestolu,KDSP114,Josip Gruden,Josip,Gruden,M,Na vojvodskem prestolu,32324,1901.0,1901.0,https://github.com/COST-ELTeC/ELTeC-slv/blob/v0.7.1/level1/SLV00425.xml,KDSP,
SHAME_180,Josip Jurčič-Cvet in sad,KDSP027,Josip Jurčič,Josip,Jurčič,M,Cvet in sad,50381,1877.0,1877.0,https://github.com/COST-ELTeC/ELTeC-slv/blob/v0.7.1/level1/SLV00279.xml,KDSP,
SHAME_181,Josip Jurčič-Deseti brat,KDSP007,Josip Jurčič,Josip,Jurčič,M,Deseti brat,66550,1866.0,1866.0,https://github.com/COST-ELTeC/ELTeC-slv/blob/v0.7.1/level1/SLV10007.xml,KDSP,
SHAME_182,Josip Jurčič-Doktor Zober,KDSP022,Josip Jurčič,Josip,Jurčič,M,Doktor Zober,34318,1876.0,1876.0,https://github.com/COST-ELTeC/ELTeC-slv/blob/v0.7.1/level1/SLV10009.xml,KDSP,
SHAME_183,Josip Jurčič-Domen,KDSP004,Josip Jurčič,Josip,Jurčič,M,Domen,23493,1864.0,1864.0,https://sl.wikisource.org/wiki/Domen,KDSP,
SHAME_184,Josip Jurčič-Ivan Erazem Tatenbach,KDSP015,Josip Jurčič,Josip,Jurčič,M,Ivan Erazem Tatenbach,22468,1873.0,1873.0,https://github.com/COST-ELTeC/ELTeC-slv/blob/v0.7.1/level1/SLV10010.xml,KDSP,
SHAME_185,Josip Jurčič-Ivan Erazem Tatenbah,SLV10010,Josip Jurčič,Josip,Jurčič,M,Ivan Erazem Tatenbah,22388,1873.0,1873.0,,ELTeC,
SHAME_186,"Josip Jurčič-Jurij Kozjak, slovenski janičar",KDSP005,Josip Jurčič,Josip,Jurčič,M,"Jurij Kozjak, slovenski janičar",28699,1864.0,1864.0,https://sl.wikisource.org/wiki/Jurij_Kozjak,KDSP,
SHAME_187,Josip Jurčič-Lepa Vida,KDSP028,Josip Jurčič,Josip,Jurčič,M,Lepa Vida,21075,1877.0,1877.0,https://github.com/COST-ELTeC/ELTeC-slv/blob/v0.7.1/level1/SLV10011.xml,KDSP,
SHAME_188,Josip Jurčič-Med dvema stoloma,KDSP021,Josip Jurčič,Josip,Jurčič,M,Med dvema stoloma,21454,1876.0,1876.0,https://github.com/COST-ELTeC/ELTeC-slv/blob/v0.7.1/level1/SLV10008.xml,KDSP,
SHAME_189,Josip Jurčič-Nemški valpet: Povest,,Josip Jurčič,Josip,Jurčič,M,Nemški valpet: Povest,8006,1867.0,1867.0,https://lit.ijs.si/nem_valp.html ,Wikivir - leposlovje,
SHAME_190,Josip Jurčič-Rokovnjači,KDSP037,Josip Jurčič,Josip,Jurčič,M,Rokovnjači,49464,1881.0,1881.0,https://github.com/COST-ELTeC/ELTeC-slv/blob/v0.7.1/level1/SLV00216.xml,KDSP,
SHAME_191,Josip Jurčič-Slovenski svetec in učitelj,KDSP053,Josip Jurčič,Josip,Jurčič,M,Slovenski svetec in učitelj,43227,1886.0,1886.0,https://github.com/COST-ELTeC/ELTeC-slv/blob/v0.7.1/level1/SLV00217.xml,KDSP,
SHAME_192,Josip Jurčič-Sosedov sin: Povest,,Josip Jurčič,Josip,Jurčič,M,Sosedov sin: Povest,18739,1868.0,1868.0,https://lit.ijs.si/sosedovs.html ,Wikivir - leposlovje,
SHAME_193,Josip Jurčič-Tihotapec,KDSP006,Josip Jurčič,Josip,Jurčič,M,Tihotapec,20021,1865.0,1865.0,https://sl.wikisource.org/wiki/Tihotapec_(Josip_Jur%C4%8Di%C4%8D),KDSP,
SHAME_194,Josip Kostanjevec-Ella,KDSP124,Josip Kostanjevec,Josip,Kostanjevec,M,Ella,28989,1903.0,1903.0,https://sl.wikisource.org/wiki/Ella,KDSP,
SHAME_195,Josip Kostanjevec-Gojko Knafeljc,KDSP108,Josip Kostanjevec,Josip,Kostanjevec,M,Gojko Knafeljc,50392,1899.0,1899.0,https://sl.wikisource.org/wiki/Gojko_Knafeljc,KDSP,
SHAME_196,Josip Kostanjevec-Gozdarjevi spomini,KDSP240,Josip Kostanjevec,Josip,Kostanjevec,M,Gozdarjevi spomini,22487,1915.0,1915.0,https://sl.wikisource.org/wiki/Gozdarjevi_spomini,KDSP,
SHAME_197,Josip Kostanjevec-Iz življenja Tomaža Križaja,KDSP208,Josip Kostanjevec,Josip,Kostanjevec,M,Iz življenja Tomaža Križaja,27000,1911.0,1911.0,https://sl.wikisource.org/wiki/Iz_%C5%BEivljenja_Toma%C5%BEa_Kri%C5%BEaja,KDSP,
SHAME_198,Josip Kostanjevec-Kotanjska elita,KDSP104,Josip Kostanjevec,Josip,Kostanjevec,M,Kotanjska elita,34406,1898.0,1898.0,https://sl.wikisource.org/wiki/Kotanjska_elita,KDSP,
SHAME_199,Josip Kostanjevec-Na sončnih tleh,KDSP241,Josip Kostanjevec,Josip,Kostanjevec,M,Na sončnih tleh,39384,1915.0,1915.0,https://sl.wikisource.org/wiki/Na_soln%C4%8Dnih_tleh,KDSP,
SHAME_200,Josip Kostanjevec-Noč,KDSP120,Josip Kostanjevec,Josip,Kostanjevec,M,Noč,51200,1902.0,1902.0,https://sl.wikisource.org/wiki/No%C4%8D_(Josip_Kostanjevec),KDSP,
SHAME_201,Josip Kostanjevec-Oče in sin,KDSP222,Josip Kostanjevec,Josip,Kostanjevec,M,Oče in sin,20667,1912.0,1912.0,https://sl.wikisource.org/wiki/O%C4%8De_in_sin_(Josip_Kostanjevec),KDSP,
SHAME_202,Josip Kostanjevec-Pošteni ljudje,KDSP144,Josip Kostanjevec,Josip,Kostanjevec,M,Pošteni ljudje,24091,1905.0,1905.0,https://sl.wikisource.org/wiki/Po%C5%A1teni_ljudje,KDSP,
SHAME_203,Josip Kostanjevec-Zadnji prameni,KDSP246,Josip Kostanjevec,Josip,Kostanjevec,M,Zadnji prameni,26877,1916.0,1916.0,https://sl.wikisource.org/wiki/Zadnji_prameni,KDSP,
SHAME_204,Josip Kostanjevec-Življenja trnjeva pot,KDSP165,Josip Kostanjevec,Josip,Kostanjevec,M,Življenja trnjeva pot,43058,1907.0,1907.0,https://sl.wikisource.org/wiki/%C5%BDivljenja_trnjeva_pot,KDSP,
SHAME_205,Josip Ogrinec-Setev in žetev,KDSP018,Josip Ogrinec,Josip,Ogrinec,M,Setev in žetev,26385,1875.0,1875.0,https://sl.wikisource.org/wiki/Setev_in_%C5%BEetev,KDSP,
SHAME_206,Josip Ogrinec-Vojnimir ali poganstvo in krst,KDSP014,Josip Ogrinec,Josip,Ogrinec,M,Vojnimir ali poganstvo in krst,26482,1871.0,1871.0,https://sl.wikisource.org/wiki/Vojnimir_ali_poganstvo_in_krst,KDSP,
SHAME_207,"Josip Podmilšak-Amerika, ali povsod dobro - doma najboljše",KDSP009,Josip Podmilšak,Josip,Podmilšak,M,"Amerika, ali povsod dobro - doma najboljše",22418,1869.0,1869.0,"https://sl.wikisource.org/wiki/Amerika,_ali_povsod_dobro_%E2%80%94_doma_najbolj%C5%A1e",KDSP,
SHAME_208,Josip Podmilšak-Miha Brtoncelj in njegove čudovite dogodbe po svetu,KDSP011,Josip Podmilšak,Josip,Podmilšak,M,Miha Brtoncelj in njegove čudovite dogodbe po svetu,22941,1870.0,1870.0,https://sl.wikisource.org/wiki/Miha_Brtoncelj_in_njegove_%C4%8Dudovite_dogodbe_po_svetu,KDSP,
SHAME_209,"Josip Podmilšak-Sabinka, slovenska junakinja",KDSP024,Josip Podmilšak,Josip,Podmilšak,M,"Sabinka, slovenska junakinja",49736,1876.0,1876.0,"https://sl.wikisource.org/wiki/Sabinka,_slovenska_junakinja",KDSP,
SHAME_210,Josip Podmilšak-Žalost in veselje,KDSP010,Josip Podmilšak,Josip,Podmilšak,M,Žalost in veselje,76914,1870.0,1870.0,https://github.com/COST-ELTeC/ELTeC-slv/blob/v0.7.1/level1/SLV00122.xml,KDSP,
SHAME_211,Josip Premk-Krona v višavi,KDSP223,Josip Premk,Josip,Premk,M,Krona v višavi,28992,1912.0,1912.0,https://sl.wikisource.org/wiki/Krona_v_vi%C5%A1avi,KDSP,
SHAME_212,Josip Premk-Letoviščarji,KDSP232,Josip Premk,Josip,Premk,M,Letoviščarji,20834,1913.0,1913.0,https://sl.wikisource.org/wiki/Letovi%C5%A1%C4%8Darji,KDSP,
SHAME_213,Josip Stare-Lisjakova hči,KDSP073,Josip Stare,Josip,Stare,M,Lisjakova hči,38504,1892.0,1892.0,https://sl.wikisource.org/wiki/Lisjakova_h%C4%8Di,KDSP,
SHAME_214,Josip Stare-Prvi sneg,KDSP054,Josip Stare,Josip,Stare,M,Prvi sneg,26511,1886.0,1886.0,https://sl.wikisource.org/wiki/Prvi_sneg_(Josip_Stare),KDSP,
SHAME_215,Josip Stare-Vanda,KDSP060,Josip Stare,Josip,Stare,M,Vanda,37585,1888.0,1888.0,https://sl.wikisource.org/wiki/Vanda_(Josip_Stare),KDSP,
SHAME_216,Josip Stare-Zadruga,KDSP066,Josip Stare,Josip,Stare,M,Zadruga,29756,1890.0,1890.0,https://sl.wikisource.org/wiki/Z%C3%A1druga,KDSP,
SHAME_217,Josip Stritar-Gospod Mirodolski,KDSP025,Josip Stritar,Josip,Stritar,M,Gospod Mirodolski,54447,1876.0,1876.0,https://github.com/COST-ELTeC/ELTeC-slv/blob/v0.7.1/level1/SLV10025.xml,KDSP,
SHAME_218,Josip Stritar-Kritična pisma,,Josip Stritar,Josip,Stritar,M,Kritična pisma,12197,,1867.0,https://lit.ijs.si/str_pism.html ,Wikivir - leposlovje,
SHAME_219,Josip Stritar-Literarni pogovori,,Josip Stritar,Josip,Stritar,M,Literarni pogovori,17429,1870.0,1870.0,https://lit.ijs.si/str_litp.html ,Wikivir - leposlovje,
SHAME_220,Josip Stritar-Rosana,,Josip Stritar,Josip,Stritar,M,Rosana,18438,1877.0,1877.0,https://lit.ijs.si/rosana.html ,Wikivir - leposlovje,
SHAME_221,Josip Stritar-Sodnikovi,KDSP032,Josip Stritar,Josip,Stritar,M,Sodnikovi,51013,1878.0,1878.0,https://github.com/COST-ELTeC/ELTeC-slv/blob/v0.7.1/level1/SLV10024.xml,KDSP,
SHAME_222,Josip Stritar-Zorin,KDSP012,Josip Stritar,Josip,Stritar,M,Zorin,27852,1870.0,1870.0,https://github.com/COST-ELTeC/ELTeC-slv/blob/v0.7.1/level1/SLV10023.xml,KDSP,
SHAME_223,Josip Vandot-Begunci,KDSP250,Josip Vandot,Josip,Vandot,M,Begunci,46796,1916.0,1916.0,https://sl.wikisource.org/wiki/Begunci_(Josip_Vandot),KDSP,
SHAME_224,Josip Vandot-Razor,KDSP237,Josip Vandot,Josip,Vandot,M,Razor,51406,1914.0,1914.0,https://sl.wikisource.org/wiki/Razor_(Josip_Vandot),KDSP,
SHAME_225,Josip Vandot-Vitranec,KDSP213,Josip Vandot,Josip,Vandot,M,Vitranec,20899,1911.0,1911.0,https://sl.wikisource.org/wiki/Vitranec,KDSP,
SHAME_226,Josip Vošnjak-Pobratimi,KDSP063,Josip Vošnjak,Josip,Vošnjak,M,Pobratimi,53763,1889.0,1889.0,https://github.com/COST-ELTeC/ELTeC-slv/blob/v0.7.1/level1/SLV10028.xml,KDSP,
SHAME_227,Jože Ambrožič-Ljubezen in sovraštvo,KDSP200,Jože Ambrožič,Jože,Ambrožič,M,Ljubezen in sovraštvo,38853,1911.0,1911.0,https://sl.wikisource.org/wiki/Ljubezen_in_sovra%C5%A1tvo,KDSP,
SHAME_228,Jože Ambrožič-Prekrščevalec,KDSP244,Jože Ambrožič,Jože,Ambrožič,M,Prekrščevalec,36249,1916.0,1916.0,https://sl.wikisource.org/wiki/Prekr%C5%A1%C4%8Devalec,KDSP,
SHAME_229,Jurij Vranič-Helena,KDSP017,Jurij Vranič,Jurij,Vranič,M,Helena,25154,1874.0,1874.0,https://sl.wikisource.org/wiki/Helena_(Jurij_Vrani%C4%8D),KDSP,
SHAME_230,Jurij Vranič-Mahmud,KDSP013,Jurij Vranič,Jurij,Vranič,M,Mahmud,21882,1870.0,1870.0,https://sl.wikisource.org/wiki/Mahmud,KDSP,
SHAME_231,Ksaver Meško-Kam plovemo,KDSP099,Ksaver Meško,Ksaver,Meško,M,Kam plovemo,66747,1897.0,1897.0,https://github.com/COST-ELTeC/ELTeC-slv/blob/v0.7.1/level1/SLV00072.xml,KDSP,
SHAME_232,Lea Fatur-Biseri,KDSP175,Lea Fatur,Lea,Fatur,F,Biseri,64666,1908.0,1908.0,https://sl.wikisource.org/wiki/Biseri_(Lea_Fatur),KDSP,
SHAME_233,Lea Fatur-Črtomir in Bogomila,KDSP218,Lea Fatur,Lea,Fatur,F,Črtomir in Bogomila,19599,1912.0,1912.0,https://sl.wikisource.org/wiki/%C4%8Crtomir_in_Bogomila,KDSP,
SHAME_234,Lea Fatur-Iz naših dni,KDSP206,Lea Fatur,Lea,Fatur,F,Iz naših dni,38604,1911.0,1911.0,https://sl.wikisource.org/wiki/Iz_na%C5%A1ih_dni_(Lea_Fatur),KDSP,
SHAME_235,Lea Fatur-Junakinja zvestobe,KDSP220,Lea Fatur,Lea,Fatur,F,Junakinja zvestobe,42591,1912.0,1912.0,https://sl.wikisource.org/wiki/Junakinja_zvestobe,KDSP,
SHAME_236,Lea Fatur-Komisarjeva hči,KDSP189,Lea Fatur,Lea,Fatur,F,Komisarjeva hči,57975,1910.0,1910.0,https://github.com/COST-ELTeC/ELTeC-slv/blob/v0.7.1/level1/SLV00352.xml,KDSP,
SHAME_237,Lea Fatur-Pod Učko goro,KDSP253,Lea Fatur,Lea,Fatur,F,Pod Učko goro,22977,1917.0,1917.0,https://sl.wikisource.org/wiki/Pod_U%C4%8Dko_goro,KDSP,
SHAME_238,Lea Fatur-V burji in strasti,KDSP143,Lea Fatur,Lea,Fatur,F,V burji in strasti,34241,1905.0,1905.0,https://github.com/COST-ELTeC/ELTeC-slv/blob/v0.7.1/level1/SLV00502.xml,KDSP,
SHAME_239,Lea Fatur-Vilemir,KDSP151,Lea Fatur,Lea,Fatur,F,Vilemir,50300,1906.0,1906.0,https://sl.wikisource.org/wiki/Vilemir,KDSP,
SHAME_240,Lea Fatur-Vislavina odpoved,KDSP219,Lea Fatur,Lea,Fatur,F,Vislavina odpoved,27575,1912.0,1912.0,https://sl.wikisource.org/wiki/Vislavina_odpoved,KDSP,
SHAME_241,Lea Fatur-Za Adrijo,KDSP178,Lea Fatur,Lea,Fatur,F,Za Adrijo,99340,1909.0,1909.0,https://github.com/COST-ELTeC/ELTeC-slv/blob/v0.7.1/level1/SLV00506.xml,KDSP,
SHAME_242,Leopold Lenard-Izpod Kuma,KDSP198,Leopold Lenard,Leopold,Lenard,M,Izpod Kuma,37118,1910.0,1910.0,https://sl.wikisource.org/wiki/Izpod_Kuma,KDSP,
SHAME_243,Luiza Pesjak-Beatin dnevnik,KDSP057,Luiza Pesjak,Luiza,Pesjak,F,Beatin dnevnik,29447,1887.0,1887.0,https://github.com/COST-ELTeC/ELTeC-slv/blob/v0.7.1/level1/SLV00227.xml,KDSP,
SHAME_244,Lukovič Carli-Zadnji dnevi v Ogleju,KDSP019,Lukovič Carli,Lukovič,Carli,M,Zadnji dnevi v Ogleju,35857,1876.0,1876.0,https://github.com/COST-ELTeC/ELTeC-slv/blob/v0.7.1/level1/SLV10002.xml,KDSP,
SHAME_245,Marica Nadlišek-Fata morgana,KDSP105,Marica Nadlišek,Marica,Nadlišek,F,Fata morgana,41542,1898.0,1898.0,https://github.com/COST-ELTeC/ELTeC-slv/blob/v0.7.1/level1/SLV10020.xml,KDSP,
SHAME_246,Marijan Pušavec-Zbiralec nasmehov,,Marijan Pušavec,Marijan,Pušavec,M,Zbiralec nasmehov,30583,1991.0,1991.0,https://lit.ijs.si/pusavec.html,Wikivir - leposlovje,
SHAME_247,Matija Prelesnik-Naš stari greh,KDSP129,Matija Prelesnik,Matija,Prelesnik,M,Naš stari greh,63148,1903.0,1903.0,https://github.com/COST-ELTeC/ELTeC-slv/blob/v0.7.1/level1/SLV00452.xml,KDSP,
SHAME_248,Matija Prelesnik-Nesrečno zlato,KDSP121,Matija Prelesnik,Matija,Prelesnik,M,Nesrečno zlato,51881,1902.0,1902.0,https://sl.wikisource.org/wiki/Nesre%C4%8Dno_zlato,KDSP,
SHAME_249,Matija Prelesnik-V smrtni senci,KDSP139,Matija Prelesnik,Matija,Prelesnik,M,V smrtni senci,70691,1904.0,1904.0,https://github.com/COST-ELTeC/ELTeC-slv/blob/v0.7.1/level1/SLV00454.xml,KDSP,
SHAME_250,Matija Rode-Brat Justin,KDSP147,Matija Rode,Matija,Rode,M,Brat Justin,25540,1905.0,1905.0,https://sl.wikisource.org/wiki/Brat_Justin,KDSP,
SHAME_251,Matija Rode-Prava in neprava ljubezen,KDSP212,Matija Rode,Matija,Rode,M,Prava in neprava ljubezen,56126,1911.0,1911.0,https://sl.wikisource.org/wiki/Prava_in_neprava_ljubezen,KDSP,
SHAME_252,Miha Remec-Astralni svetilniki,,Miha Remec,Miha,Remec,M,Astralni svetilniki,2817,,,https://www2.arnes.si/~sudareme/zf/svetilniki.html,Wikivir - leposlovje,
SHAME_253,Miha Remec-Dromidska podoba,,Miha Remec,Miha,Remec,M,Dromidska podoba,1869,,,https://www2.arnes.si/~sudareme/zf/podoba.html,Wikivir - leposlovje,
SHAME_254,Miha Remec-Hiša,,Miha Remec,Miha,Remec,M,Hiša,846,,,https://www2.arnes.si/~sudareme/zf/hisa.html,Wikivir - leposlovje,
SHAME_255,Miha Remec-Odklon,,Miha Remec,Miha,Remec,M,Odklon,2415,,,https://www2.arnes.si/~sudareme/zf/odklon.html,Wikivir - leposlovje,
SHAME_256,Miha Remec-Oznanenje,,Miha Remec,Miha,Remec,M,Oznanenje,5742,,,https://www2.arnes.si/~sudareme/zf/oznanenje.html,Wikivir - leposlovje,
SHAME_257,Miha Remec-Pomnik za Evridiko,,Miha Remec,Miha,Remec,M,Pomnik za Evridiko,2384,,,https://www2.arnes.si/~sudareme/zf/pomnik.html,Wikivir - leposlovje,
SHAME_258,Miha Remec-Tipalka z Mura,,Miha Remec,Miha,Remec,M,Tipalka z Mura,4039,,,https://www2.arnes.si/~sudareme/zf/tipalka.html,Wikivir - leposlovje,
SHAME_259,Miha Remec-Žar ptica,,Miha Remec,Miha,Remec,M,Žar ptica,2119,,,https://www2.arnes.si/~sudareme/zf/ptica.html,Wikivir - leposlovje,
SHAME_260,Milan Lipovec-Čubejska prigoda,,Milan Lipovec,Milan,Lipovec,M,Čubejska prigoda,7266,1972.0,1972.0,https://lit.ijs.si/lipovec1.html,Wikivir - leposlovje,
SHAME_261,Miroslav Malovrh-Gospa Angela,KDSP145,Miroslav Malovrh,Miroslav,Malovrh,M,Gospa Angela,20162,1905.0,1905.0,https://sl.wikisource.org/wiki/Gospa_Angela,KDSP,
SHAME_262,Miroslav Malovrh-Koristka,KDSP146,Miroslav Malovrh,Miroslav,Malovrh,M,Koristka,52299,1905.0,1905.0,https://sl.wikisource.org/wiki/Koristka,KDSP,
SHAME_263,Miroslav Malovrh-Kralj Matjaž,KDSP136,Miroslav Malovrh,Miroslav,Malovrh,M,Kralj Matjaž,61381,1904.0,1904.0,https://github.com/COST-ELTeC/ELTeC-slv/blob/v0.7.1/level1/SLV00455.xml,KDSP,
SHAME_264,Miroslav Malovrh-Ljubezen in junaštva strahopetnega praporščaka,KDSP196,Miroslav Malovrh,Miroslav,Malovrh,M,Ljubezen in junaštva strahopetnega praporščaka,31106,1910.0,1910.0,https://github.com/COST-ELTeC/ELTeC-slv/blob/v0.7.1/level1/SLV00456.xml,KDSP,
SHAME_265,Miroslav Malovrh-Ljubezen Končanove Klare,KDSP197,Miroslav Malovrh,Miroslav,Malovrh,M,Ljubezen Končanove Klare,45614,1910.0,1910.0,https://sl.wikisource.org/wiki/Ljubezen_Kon%C4%8Danove_Klare,KDSP,
SHAME_266,Miroslav Malovrh-Na devinski skali,KDSP229,Miroslav Malovrh,Miroslav,Malovrh,M,Na devinski skali,56769,1913.0,1913.0,https://sl.wikisource.org/wiki/Na_devinski_skali,KDSP,
SHAME_267,Miroslav Malovrh-Na robu prepada,KDSP195,Miroslav Malovrh,Miroslav,Malovrh,M,Na robu prepada,38713,1910.0,1910.0,https://sl.wikisource.org/wiki/Na_robu_prepada,KDSP,
SHAME_268,Miroslav Malovrh-Opatov praporščak,KDSP126,Miroslav Malovrh,Miroslav,Malovrh,M,Opatov praporščak,51700,1903.0,1903.0,https://sl.wikisource.org/wiki/Opatov_prapor%C5%A1%C4%8Dak,KDSP,
SHAME_269,Miroslav Malovrh-Osvetnik,KDSP155,Miroslav Malovrh,Miroslav,Malovrh,M,Osvetnik,88791,1906.0,1906.0,https://sl.wikisource.org/wiki/Osvetnik,KDSP,
SHAME_270,Miroslav Malovrh-Pod novim orlom,KDSP137,Miroslav Malovrh,Miroslav,Malovrh,M,Pod novim orlom,65443,1904.0,1904.0,https://github.com/COST-ELTeC/ELTeC-slv/blob/v0.7.1/level1/SLV00458.xml,KDSP,
SHAME_271,Miroslav Malovrh-Skušnjave Tomaža Krmežljavčka,KDSP210,Miroslav Malovrh,Miroslav,Malovrh,M,Skušnjave Tomaža Krmežljavčka,87560,1911.0,1911.0,https://sl.wikisource.org/wiki/Sku%C5%A1njave_Toma%C5%BEa_Krme%C5%BEljav%C4%8Dka,KDSP,
SHAME_272,Miroslav Malovrh-Strahovalci dveh kron,KDSP168,Miroslav Malovrh,Miroslav,Malovrh,M,Strahovalci dveh kron,91235,1907.0,1907.0,https://github.com/COST-ELTeC/ELTeC-slv/blob/v0.7.1/level1/SLV00459.xml,KDSP,
SHAME_273,Miroslav Malovrh-Tolovajski glavar Črni Jurij in njegovi divji tovariši,SLV10017,Miroslav Malovrh,Miroslav,Malovrh,M,Tolovajski glavar Črni Jurij in njegovi divji tovariši,257556,1903.0,1903.0,,ELTeC,
SHAME_274,Miroslav Malovrh-V hiši žalosti,KDSP154,Miroslav Malovrh,Miroslav,Malovrh,M,V hiši žalosti,22626,1906.0,1906.0,https://sl.wikisource.org/wiki/V_hi%C5%A1i_%C5%BEalosti,KDSP,
SHAME_275,Miroslav Malovrh-V študentskih ulicah,KDSP181,Miroslav Malovrh,Miroslav,Malovrh,M,V študentskih ulicah,48785,1909.0,1909.0,https://github.com/COST-ELTeC/ELTeC-slv/blob/v0.7.1/level1/SLV00460.xml,KDSP,
SHAME_276,Miroslav Malovrh-Zadnji rodovine Benalja,KDSP182,Miroslav Malovrh,Miroslav,Malovrh,M,Zadnji rodovine Benalja,40059,1909.0,1909.0,https://github.com/COST-ELTeC/ELTeC-slv/blob/v0.7.1/level1/SLV00461.xml,KDSP,
SHAME_277,Miroslav Malovrh-Zaljubljeni kapucin,KDSP194,Miroslav Malovrh,Miroslav,Malovrh,M,Zaljubljeni kapucin,32271,1910.0,1910.0,https://sl.wikisource.org/wiki/Zaljubljeni_kapucin,KDSP,
SHAME_278,None None-Ada,KDSP170,None None,,,unknown,Ada,23225,1908.0,1908.0,https://sl.wikisource.org/wiki/Ada_(Slovenski_narod),KDSP,
SHAME_279,None None-Carska zločinstva,KDSP187,None None,,,unknown,Carska zločinstva,41236,1910.0,1910.0,https://www.dlib.si/details/URN:NBN:SI:DOC-ZFGISEHW,KDSP,
SHAME_280,None None-Čez trnje do sreče,KDSP169,None None,,,unknown,Čez trnje do sreče,35994,1908.0,1908.0,https://sl.wikisource.org/wiki/%C4%8Cez_trnje_do_sre%C4%8De,KDSP,
SHAME_281,"None None-Izidor, brumni kmet",Neznani_Izidor1835,None None,,,unknown,"Izidor, brumni kmet",13428,1835.0,1835.0,,PriLit,
SHAME_282,"None None-Kmet Izidor s svojimi otroki ino ludmi, ali prispodobni navuki dobrih staršov za svoje otroke ino podložne",Neznani_Izidor1824,None None,,,unknown,"Kmet Izidor s svojimi otroki ino ludmi, ali prispodobni navuki dobrih staršov za svoje otroke ino podložne",21129,1824.0,1824.0,,PriLit,
SHAME_283,None None-Odlomki iz dnevnika,KDSP251,None None,,,unknown,Odlomki iz dnevnika,22322,1917.0,1917.0,https://sl.wikisource.org/wiki/Odlomki_iz_dnevnika_(Slovenec),KDSP,
SHAME_284,None None-Poštena Bohinčeka v Benetkah,,None None,,,unknown,Poštena Bohinčeka v Benetkah,18964,1857.0,1857.0,https://lit.ijs.si/bohinceka.html,Wikivir - leposlovje,
SHAME_285,None None-Stara devica,KDSP171,None None,,,unknown,Stara devica,22414,1908.0,1908.0,https://sl.wikisource.org/wiki/Stara_devica,KDSP,
SHAME_286,None None-Vihar,KDSP201,None None,,,unknown,Vihar,19542,1911.0,1911.0,https://sl.wikisource.org/wiki/Vihar_(Slovenec),KDSP,
SHAME_287,Pavel Perko-Rotijin Blaže,KDSP128,Pavel Perko,Pavel,Perko,M,Rotijin Blaže,27094,1903.0,1903.0,https://sl.wikisource.org/wiki/Rotijin_Bla%C5%BEe,KDSP,
SHAME_288,Pavlina Pajk-Arabela,KDSP051,Pavlina Pajk,Pavlina,Pajk,F,Arabela,38928,1885.0,1885.0,https://github.com/COST-ELTeC/ELTeC-slv/blob/v0.7.1/level1/SLV00231.xml,KDSP,
SHAME_289,Pavlina Pajk-Domačija nad vse,KDSP062,Pavlina Pajk,Pavlina,Pajk,F,Domačija nad vse,23828,1889.0,1889.0,https://sl.wikisource.org/wiki/Doma%C4%8Dija_nad_vse,KDSP,
SHAME_290,Pavlina Pajk-Dora,KDSP052,Pavlina Pajk,Pavlina,Pajk,F,Dora,30252,1885.0,1885.0,https://sl.wikisource.org/wiki/Dora,KDSP,
SHAME_291,Pavlina Pajk-Dušne borbe,KDSP093,Pavlina Pajk,Pavlina,Pajk,F,Dušne borbe,26041,1896.0,1896.0,https://github.com/COST-ELTeC/ELTeC-slv/blob/v0.7.1/level1/SLV00234.xml,KDSP,
SHAME_292,Pavlina Pajk-Judita,KDSP094,Pavlina Pajk,Pavlina,Pajk,F,Judita,22948,1896.0,1896.0,https://github.com/COST-ELTeC/ELTeC-slv/blob/v0.7.1/level1/SLV10021.xml,KDSP,
SHAME_293,Pavlina Pajk-Planinska idila,KDSP116,Pavlina Pajk,Pavlina,Pajk,F,Planinska idila,19992,1901.0,1901.0,https://sl.wikisource.org/wiki/Planinska_idila_(Pajk),KDSP,
SHAME_294,Pavlina Pajk-Slučaji usode,KDSP100,Pavlina Pajk,Pavlina,Pajk,F,Slučaji usode,57596,1897.0,1897.0,https://github.com/COST-ELTeC/ELTeC-slv/blob/v0.7.1/level1/SLV00240.xml,KDSP,
SHAME_295,Peter Bohinjec-Glagoljaš Štipko,KDSP215,Peter Bohinjec,Peter,Bohinjec,M,Glagoljaš Štipko,23317,1912.0,1912.0,https://sl.wikisource.org/wiki/Glagolja%C5%A1_%C5%A0tipko,KDSP,
SHAME_296,Peter Bohinjec-Jarem pregrehe,KDSP083,Peter Bohinjec,Peter,Bohinjec,M,Jarem pregrehe,27794,1895.0,1895.0,https://sl.wikisource.org/wiki/Jarem_pregrehe,KDSP,
SHAME_297,Peter Bohinjec-Kovač in njegov sin,KDSP160,Peter Bohinjec,Peter,Bohinjec,M,Kovač in njegov sin,23986,1907.0,1907.0,https://sl.wikisource.org/wiki/Kova%C4%8D_in_njegov_sin,KDSP,
SHAME_298,Peter Bohinjec-Najmlajši mojster,KDSP090,Peter Bohinjec,Peter,Bohinjec,M,Najmlajši mojster,36490,1896.0,1896.0,https://sl.wikisource.org/wiki/Najmlaj%C5%A1i_mojster,KDSP,
SHAME_299,Peter Bohinjec-Svetobor,KDSP252,Peter Bohinjec,Peter,Bohinjec,M,Svetobor,57765,1917.0,1917.0,https://sl.wikisource.org/wiki/Svetobor,KDSP,
SHAME_300,Peter Bohinjec-Za poklicem,KDSP216,Peter Bohinjec,Peter,Bohinjec,M,Za poklicem,29671,1912.0,1912.0,https://sl.wikisource.org/wiki/Za_poklicem,KDSP,
SHAME_301,Peter Bohinjec-Za staro pravdo,KDSP112,Peter Bohinjec,Peter,Bohinjec,M,Za staro pravdo,48751,1901.0,1901.0,https://www.dlib.si/details/URN:NBN:SI:DOC-JZXRWUXD,KDSP,
SHAME_302,Podlimbarski Maselj-Gorski potoki,KDSP085,Podlimbarski Maselj,Podlimbarski,Maselj,M,Gorski potoki,34431,1895.0,1895.0,https://github.com/COST-ELTeC/ELTeC-slv/blob/v0.7.1/level1/SLV00132.xml,KDSP,
SHAME_303,Podlimbarski Maselj-Gospodin Franjo,KDSP230,Podlimbarski Maselj,Podlimbarski,Maselj,M,Gospodin Franjo,173434,1913.0,1913.0,https://github.com/COST-ELTeC/ELTeC-slv/blob/v0.7.1/level1/SLV10018.xml,KDSP,
SHAME_304,Podlimbarski Maselj-Iz starih zapiskov,KDSP176,Podlimbarski Maselj,Podlimbarski,Maselj,M,Iz starih zapiskov,27314,1908.0,1908.0,https://sl.wikisource.org/wiki/Iz_starih_zapiskov,KDSP,
SHAME_305,Podlimbarski Maselj-Potresna povest,KDSP127,Podlimbarski Maselj,Podlimbarski,Maselj,M,Potresna povest,36594,1903.0,1903.0,https://github.com/COST-ELTeC/ELTeC-slv/blob/v0.7.1/level1/SLV00310.xml,KDSP,
SHAME_306,Podlimbarski Maselj-Povest Ivana Polaja,KDSP183,Podlimbarski Maselj,Podlimbarski,Maselj,M,Povest Ivana Polaja,47928,1909.0,1909.0,https://sl.wikisource.org/wiki/Povest_Ivana_Polaja,KDSP,
SHAME_307,Prežihov Voranc-Boj na Požiralniku,,Prežihov Voranc,Prežihov,Voranc,M,Boj na Požiralniku,10475,1935.0,1935.0,https://lit.ijs.si/poziral.html ,Wikivir - leposlovje,
SHAME_308,Prežihov Voranc-Samorastniki,,Prežihov Voranc,Prežihov,Voranc,M,Samorastniki,13013,1940.0,1940.0,https://lit.ijs.si/samorast.html ,Wikivir - leposlovje,
SHAME_309,Rado Murnik-Groga in drugi,KDSP086,Rado Murnik,Rado,Murnik,M,Groga in drugi,66447,1895.0,1895.0,https://github.com/COST-ELTeC/ELTeC-slv/blob/v0.7.1/level1/SLV00473.xml,KDSP,
SHAME_310,Rado Murnik-Hči grofa Blagaja,KDSP211,Rado Murnik,Rado,Murnik,M,Hči grofa Blagaja,112253,1911.0,1911.0,https://github.com/COST-ELTeC/ELTeC-slv/blob/v0.7.1/level1/SLV00526.xml,KDSP,
SHAME_311,Rado Murnik-Matajev Matija,KDSP184,Rado Murnik,Rado,Murnik,M,Matajev Matija,36098,1909.0,1909.0,https://sl.wikisource.org/wiki/Matajev_Matija,KDSP,
SHAME_312,Rado Murnik-Na Bledu,KDSP256,Rado Murnik,Rado,Murnik,M,Na Bledu,34262,1917.0,1917.0,https://github.com/COST-ELTeC/ELTeC-slv/blob/v0.7.1/level1/SLV00476.xml,KDSP,
SHAME_313,Rajko Perušek-Mara Rendića,KDSP101,Rajko Perušek,Rajko,Perušek,M,Mara Rendića,20946,1897.0,1897.0,https://sl.wikisource.org/wiki/Mara_Rendi%C4%87a,KDSP,
SHAME_314,Silvester Košutnik-Turki pred Dunajem,KDSP209,Silvester Košutnik,Silvester,Košutnik,M,Turki pred Dunajem,24523,1911.0,1911.0,https://www.dlib.si/details/URN:NBN:SI:DOC-4ENYYRIH,KDSP,
SHAME_315,Slavko Grum-Tri črtice,,Slavko Grum,Slavko,Grum,M,Tri črtice,4767,,1925.0,https://lit.ijs.si/grum.html ,Wikivir - leposlovje,
SHAME_316,Valentin Bernik-Iz burkaste preteklosti Mihe Gorenjskega,KDSP058,Valentin Bernik,Valentin,Bernik,M,Iz burkaste preteklosti Mihe Gorenjskega,23000,1888.0,1888.0,https://sl.wikisource.org/wiki/Iz_burkaste_preteklosti_Mihe_Gorenjskega,KDSP,
SHAME_317,Vatroslav Holc-Idealist,KDSP020,Vatroslav Holc,Vatroslav,Holc,M,Idealist,19286,1876.0,1876.0,https://www.dlib.si/details/URN:NBN:SI:DOC-R7R8ADI9,KDSP,
SHAME_318,Vitomir Jelenc-Žena,KDSP191,Vitomir Jelenc,Vitomir,Jelenc,M,Žena,36579,1910.0,1910.0,https://github.com/COST-ELTeC/ELTeC-slv/blob/v0.7.1/level1/SLV10006.xml,KDSP,
SHAME_319,Vladimir Levstik-Blagorodje doktor Ambrož Čander,KDSP180,Vladimir Levstik,Vladimir,Levstik,M,Blagorodje doktor Ambrož Čander,49177,1909.0,1909.0,https://github.com/COST-ELTeC/ELTeC-slv/blob/v0.7.1/level1/SLV00345.xml,KDSP,
SHAME_320,Vladimir Levstik-Gadje gnezdo,KDSP259,Vladimir Levstik,Vladimir,Levstik,M,Gadje gnezdo,38052,1918.0,1918.0,https://github.com/COST-ELTeC/ELTeC-slv/blob/v0.7.1/level1/SLV00478.xml,KDSP,
SHAME_321,Vladimir Levstik-V Babilonu svobode,KDSP167,Vladimir Levstik,Vladimir,Levstik,M,V Babilonu svobode,19979,1907.0,1907.0,https://sl.wikisource.org/wiki/V_Babilonu_svobode,KDSP,
SHAME_322,Vladimir Levstik-Za svobodo in ljubezen,KDSP228,Vladimir Levstik,Vladimir,Levstik,M,Za svobodo in ljubezen,122096,1913.0,1913.0,https://github.com/COST-ELTeC/ELTeC-slv/blob/v0.7.1/level1/SLV00483.xml,KDSP,
SHAME_323,Zofka Kveder-Amerikanci,,Zofka Kveder,Zofka,Kveder,F,Amerikanci,15669,1908.0,1908.0,https://lit.ijs.si/kveder_amerikanci.html,Wikivir - leposlovje,"drama, though"
SHAME_324,Zofka Kveder-Hanka,KDSP255,Zofka Kveder,Zofka,Kveder,F,Hanka,80609,1917.0,1917.0,https://sl.wikisource.org/wiki/Hanka,KDSP,
SHAME_325,Zofka Kveder-Nada,KDSP135,Zofka Kveder,Zofka,Kveder,F,Nada,41808,1904.0,1904.0,https://github.com/COST-ELTeC/ELTeC-slv/blob/v0.7.1/level1/SLV10014.xml,KDSP,
SHAME_326,Zofka Kveder-Njeno življenje,KDSP236,Zofka Kveder,Zofka,Kveder,F,Njeno življenje,58120,1914.0,1914.0,https://github.com/COST-ELTeC/ELTeC-slv/blob/v0.7.1/level1/SLV10015.xml,KDSP,
